,EnteroCount,FourDayRainTotal
0,1733.0,1.5
1,4.0,0.2
2,20.0,0.0
3,6.0,0.0
4,31.0,0.0
5,238.0,1.2
6,23.0,1.4
7,11.0,0.1
8,15.0,0.3
9,6.0,0.2
10,10.0,0.2
11,11.0,0.0
12,30.0,1.4
13,11.0,0.1
14,231.0,0.4
15,11.0,0.3
16,11.0,2.1
17,91.0,1.6
18,,1.3
19,15.0,0.0
20,25.0,0.2
21,31.0,0.7
22,12.0,0.2
23,,0.0
24,4.0,0.0
25,28.0,0.0
26,276.0,2.8
27,,1.9
28,6.0,0.5
29,,0.3
30,6.0,0.0
31,41.0,1.5
32,15.0,0.1
33,12.0,1.4
34,23.0,0.2
35,479.0,0.2
36,,0.2
37,27.0,1.4
38,50.0,0.2
39,130.0,0.2
40,830.0,0.0
41,1733.0,0.0
42,64.0,0.0
43,1300.0,1.4
44,461.0,1.2
45,770.0,1.4
46,1300.0,0.1
47,461.0,0.3
48,21.0,0.1
49,1023.0,0.2
50,238.0,0.0
51,2420.0,1.5
52,68.0,0.1
53,142.0,0.4
54,33.0,0.3
55,4.0,2.1
56,96.0,1.6
57,128.0,1.3
58,12.0,1.5
59,26.0,0.2
60,117.0,0.0
61,42.0,0.7
62,32.0,0.0
63,416.0,0.0
64,1986.0,2.8
65,2420.0,1.9
66,48.0,0.5
67,12.0,0.3
68,8.0,0.0
69,,0.0
70,22.0,0.0
71,727.0,0.4
72,45.0,1.4
73,17.0,0.1
74,42.0,1.5
75,11.0,0.0
76,4.0,0.3
77,54.0,0.5
78,272.0,0.6
79,,1.9
80,260.0,2.8
81,99.0,0.0
82,41.0,0.0
83,30.0,0.0
84,117.0,0.2
85,199.0,0.0
86,387.0,0.2
87,579.0,0.7
88,67.0,0.2
89,345.0,0.6
90,32.0,0.0
91,1986.0,1.3
92,96.0,1.6
93,63.0,2.1
94,108.0,0.3
95,34.0,0.2
96,72.0,0.1
97,1553.0,1.5
98,96.0,0.0
99,49.0,0.2
100,28.0,0.2
101,33.0,0.3
102,64.0,0.1
103,65.0,1.4
104,67.0,0.0
105,980.0,1.2
106,1203.0,1.4
107,40.0,0.0
108,24.0,0.2
109,56.0,1.4
110,30.0,0.0
111,1300.0,1.2
112,56.0,1.4
113,61.0,0.1
114,7.0,0.3
115,6.0,0.2
116,20.0,0.2
117,18.0,0.5
118,24.0,0.0
119,1414.0,1.5
120,50.0,0.1
121,36.0,0.2
122,435.0,0.4
123,219.0,0.3
124,17.0,2.1
125,81.0,1.6
126,525.0,1.3
127,31.0,0.0
128,727.0,0.6
129,84.0,0.2
130,50.0,0.7
131,602.0,0.2
132,28.0,0.0
133,96.0,0.0
134,190.0,2.8
135,,1.9
136,46.0,0.6
137,35.0,0.5
138,7.0,0.3
139,47.0,0.0
140,26.0,1.5
141,38.0,0.1
142,33.0,0.0
143,108.0,0.0
144,411.0,1.4
145,139.0,0.2
146,143.0,1.4
147,45.0,0.2
148,201.0,0.0
149,3.0,0.3
150,88.0,0.5
151,42.0,0.6
152,,1.9
153,161.0,2.8
154,39.0,0.0
155,25.0,0.0
156,7.0,0.0
157,12.0,0.1
158,21.0,0.2
159,82.0,0.0
160,921.0,1.3
161,687.0,1.6
162,31.0,2.1
163,82.0,0.3
164,687.0,0.4
165,59.0,0.1
166,,1.5
167,40.0,1.5
168,53.0,0.2
169,18.0,0.2
170,12.0,0.3
171,21.0,0.1
172,81.0,1.4
173,1300.0,1.2
174,75.0,1.4
175,36.0,0.0
176,40.0,0.0
177,30.0,0.2
178,51.0,0.7
179,20.0,0.0
180,22.0,0.0
181,17.0,0.2
182,32.0,0.2
183,20.0,1.5
184,134.0,0.2
185,46.0,0.0
186,29.0,0.0
187,19.0,0.0
188,1553.0,1.4
189,1553.0,1.2
190,411.0,1.4
191,211.0,0.1
192,17.0,0.3
193,179.0,0.7
194,3.0,0.2
195,187.0,0.0
196,,1.5
197,687.0,0.1
198,34.0,0.4
199,76.0,0.3
200,84.0,2.1
201,770.0,1.6
202,488.0,1.3
203,88.0,0.0
204,488.0,0.6
205,59.0,1.4
206,25.0,0.2
207,6.0,0.1
208,135.0,0.2
209,980.0,0.0
210,49.0,0.0
211,43.0,0.0
212,76.0,2.8
213,,1.9
214,32.0,0.6
215,84.0,0.5
216,88.0,0.5
217,10.0,0.3
218,50.0,0.0
219,16.0,0.0
220,33.0,0.0
221,19.0,0.0
222,32.0,0.0
223,40.0,1.4
224,1046.0,1.2
225,146.0,1.4
226,13.0,0.1
227,22.0,0.3
228,11.0,0.2
229,29.0,0.2
230,,1.5
231,93.0,0.1
232,866.0,0.4
233,30.0,0.3
234,1733.0,1.6
235,,1.3
236,104.0,0.0
237,20.0,0.2
238,122.0,0.7
239,137.0,0.2
240,613.0,1.5
241,12.0,0.1
242,23.0,0.0
243,163.0,2.8
244,,1.9
245,727.0,0.6
246,179.0,0.5
247,2.0,0.3
248,1414.0,1.4
249,100.0,0.0
250,6.0,0.0
251,39.0,0.2
252,18.0,2.1
253,46.0,0.0
254,,1.2
255,32.0,0.7
256,26.0,1.5
257,43.0,0.0
258,8.0,0.3
259,68.0,0.5
260,85.0,0.6
261,1120.0,1.9
262,57.0,2.8
263,20.0,0.0
264,20.0,0.0
265,13.0,0.0
266,4.0,0.2
267,1.0,0.2
268,5.0,0.2
269,18.0,1.4
270,14.0,0.2
271,9.0,0.0
272,921.0,1.3
273,727.0,1.6
274,16.0,2.1
275,4.0,0.3
276,13.0,0.0
277,11.0,0.1
278,2420.0,1.5
279,21.0,0.0
280,91.0,0.2
281,17.0,0.1
282,6.0,0.2
283,7.0,0.3
284,20.0,0.1
285,24.0,1.0
286,52.0,0.0
287,4.0,0.0
288,7.0,0.0
289,17.0,0.0
290,1414.0,1.5
291,20.0,0.0
292,,0.2
293,4.0,0.3
294,5.0,0.3
295,291.0,0.5
296,126.0,0.6
297,770.0,1.9
298,687.0,2.8
299,21.0,0.0
300,26.0,0.0
301,1.0,0.0
302,64.0,0.2
303,7.0,0.3
304,8.0,0.2
305,26.0,0.0
306,649.0,1.3
307,328.0,1.6
308,25.0,2.1
309,2.0,0.3
310,9.0,0.0
311,22.0,0.1
312,25.0,0.2
313,5.0,0.2
314,14.0,0.0
315,20.0,0.0
316,69.0,0.0
317,1733.0,1.2
318,31.0,1.0
319,8.0,0.1
320,5.0,0.7
321,6.0,0.1
322,38.0,1.4
323,45.0,1.5
324,5.0,0.0
325,1986.0,1.2
326,1.0,0.0
327,3.0,0.3
328,11.0,0.3
329,194.0,1.5
330,8.0,0.1
331,14.0,1.4
332,,0.2
333,649.0,1.3
334,22.0,0.0
335,8.0,0.2
336,10.0,0.7
337,16.0,0.2
338,8.0,0.5
339,5.0,0.2
340,15.0,2.1
341,6.0,0.3
342,12.0,0.0
343,63.0,0.1
344,1986.0,1.5
345,11.0,0.0
346,6.0,0.0
347,6.0,0.2
348,34.0,0.0
349,19.0,0.3
350,21.0,0.1
351,7.0,1.0
352,12.0,0.0
353,770.0,2.8
354,20.0,1.2
355,261.0,1.9
356,12.0,0.0
357,7.0,0.0
358,22.0,0.0
359,488.0,1.6
360,2.0,0.2
361,11.0,0.1
362,12.0,0.0
363,6.0,0.0
364,6.0,0.0
365,27.0,0.0
366,67.0,0.0
367,89.0,1.2
368,14.0,0.2
369,7.0,1.4
370,11.0,0.1
371,435.0,1.5
372,8.0,0.3
373,,0.0
374,11.0,0.3
375,5.0,0.5
376,10.0,1.2
377,10.0,1.0
378,9.0,0.0
379,15.0,0.3
380,9.0,0.2
381,16.0,0.2
382,49.0,0.0
383,2420.0,1.5
384,28.0,0.1
385,345.0,1.9
386,13.0,0.3
387,47.0,2.1
388,378.0,1.6
389,96.0,1.3
390,42.0,0.0
391,2.0,0.2
392,3.0,0.7
393,12.0,0.2
394,19.0,0.0
395,1733.0,2.8
396,14.0,0.1
397,9.0,0.1
398,4.0,0.2
399,4.0,0.0
400,14.0,0.2
401,5.0,0.7
402,10.0,0.6
403,8.0,0.0
404,17.0,0.3
405,260.0,1.6
406,1733.0,1.5
407,37.0,2.1
408,19.0,0.0
409,10.0,0.3
410,6.0,0.0
411,3.0,0.2
412,8.0,0.0
413,2420.0,2.8
414,1203.0,1.9
415,6.0,1.2
416,1.0,0.5
417,1.0,0.5
418,10.0,0.3
419,11.0,0.3
420,613.0,1.5
421,7.0,0.1
422,3.0,1.0
423,345.0,1.2
424,15.0,0.0
425,20.0,0.0
426,8.0,0.0
427,9.0,0.2
428,116.0,1.3
429,13.0,0.0
430,1.0,0.2
431,17.0,0.0
432,1733.0,2.8
433,36.0,1.0
434,16.0,0.1
435,20.0,0.0
436,19.0,0.0
437,13.0,0.2
438,70.0,1.5
439,10.0,0.3
440,30.0,0.3
441,7.0,0.5
442,87.0,1.2
443,,1.9
444,6.0,0.1
445,98.0,0.0
446,8.0,0.0
447,76.0,0.2
448,20.0,0.7
449,5.0,0.2
450,6.0,0.0
451,27.0,0.0
452,65.0,1.3
453,119.0,1.6
454,67.0,2.1
455,24.0,0.3
456,16.0,0.3
457,29.0,0.1
458,51.0,0.0
459,201.0,0.0
460,37.0,1.2
461,30.0,1.0
462,1553.0,1.5
463,66.0,0.1
464,24.0,0.2
465,38.0,0.2
466,19.0,0.0
467,21.0,1.0
468,11.0,0.2
469,13.0,0.0
470,14.0,0.0
471,23.0,0.0
472,91.0,0.0
473,75.0,1.2
474,20.0,1.0
475,4.0,0.1
476,16.0,0.3
477,8.0,0.2
478,7.0,0.2
479,26.0,0.1
480,1986.0,1.5
481,38.0,0.1
482,7.0,0.0
483,6.0,0.3
484,74.0,2.1
485,238.0,1.6
486,8.0,0.2
487,19.0,0.0
488,12.0,0.2
489,11.0,0.7
490,65.0,0.2
491,4.0,0.0
492,4.0,0.0
493,16.0,0.0
494,727.0,2.8
495,,1.9
496,249.0,1.2
497,26.0,0.5
498,7.0,0.5
499,10.0,0.3
500,9.0,0.3
501,65.0,1.5
502,12.0,0.1
503,125.0,1.3
504,18.0,0.7
505,6.0,0.2
506,2.0,0.0
507,13.0,0.0
508,5.0,0.0
509,11.0,0.0
510,21.0,0.0
511,10.0,1.2
512,7.0,1.0
513,4.0,0.0
514,8.0,0.3
515,42.0,0.2
516,4.0,0.3
517,159.0,1.6
518,12.0,0.1
519,14.0,0.0
520,24.0,0.3
521,7.0,0.5
522,0.0,0.1
523,4.0,2.3
524,727.0,1.6
525,1986.0,1.3
526,1.0,0.4
527,,0.6
528,727.0,1.2
529,2.0,0.7
530,36.0,0.2
531,4.0,0.0
532,5.0,0.0
533,16.0,0.0
534,2420.0,2.8
535,1986.0,1.9
536,2.0,0.2
537,238.0,1.0
538,5.0,0.1
539,517.0,1.5
540,31.0,0.2
541,132.0,0.3
542,22.0,0.1
543,10.0,0.0
544,34.0,0.0
545,39.0,0.0
546,33.0,1.2
547,15.0,1.0
548,5.0,0.0
549,5.0,0.3
550,11.0,0.2
551,16.0,0.7
552,15.0,0.1
553,816.0,1.5
554,10.0,0.0
555,6.0,0.0
556,3.0,0.3
557,19.0,2.3
558,147.0,1.6
559,192.0,1.3
560,31.0,0.0
561,435.0,0.6
562,8.0,0.2
563,2.0,0.7
564,6.0,0.2
565,2.0,0.0
566,10.0,0.2
567,16.0,0.0
568,488.0,2.8
569,,1.9
570,29.0,1.2
571,3.0,0.5
572,4.0,0.3
573,4.0,0.4
574,23.0,1.5
575,6.0,0.1
576,9.0,1.0
577,1.0,0.2
578,3.0,0.0
579,261.0,0.2
580,22.0,0.2
581,197.0,1.5
582,1.0,0.4
583,10.0,0.3
584,4.0,0.5
585,6.0,0.5
586,387.0,1.2
587,1986.0,1.9
588,,2.8
589,14.0,0.0
590,12.0,0.0
591,4.0,0.0
592,12.0,1.0
593,4.0,0.7
594,51.0,0.2
595,,0.6
596,21.0,0.0
597,1986.0,1.3
598,816.0,1.6
599,15.0,2.3
600,16.0,0.3
601,12.0,0.0
602,21.0,0.1
603,93.0,1.6
604,2.0,0.1
605,8.0,0.7
606,3.0,0.1
607,3.0,0.3
608,2.0,0.3
609,17.0,0.0
610,9.0,0.0
611,5.0,0.1
612,11.0,1.0
613,14.0,0.9
614,10.0,1.2
615,8.0,0.0
616,36.0,0.0
617,22.0,0.0
618,13.0,0.0
619,3.0,0.2
620,15.0,0.2
621,,0.2
622,12.0,0.0
623,10.0,0.0
624,26.0,0.0
625,13.0,0.0
626,32.0,1.2
627,4.0,1.0
628,4.0,0.0
629,5.0,0.3
630,6.0,0.2
631,1.0,0.2
632,11.0,0.1
633,1414.0,1.3
634,16.0,0.4
635,1.0,0.0
636,4.0,0.3
637,2.0,2.3
638,411.0,1.6
639,31.0,1.3
640,11.0,0.0
641,16.0,0.2
642,2.0,0.7
643,17.0,0.0
644,9.0,0.0
645,12.0,0.0
646,23.0,2.8
647,,1.9
648,12.0,0.8
649,3.0,0.5
650,26.0,0.5
651,2.0,0.3
652,4.0,0.4
653,17.0,1.5
654,9.0,0.1
655,3.0,0.7
656,7.0,0.2
657,35.0,0.4
658,21.0,0.0
659,27.0,0.0
660,13.0,0.0
661,24.0,1.2
662,30.0,1.0
663,9.0,0.0
664,37.0,0.3
665,15.0,0.2
666,3.0,0.7
667,11.0,0.1
668,613.0,1.3
669,19.0,0.0
670,1.0,0.0
671,7.0,0.3
672,17.0,2.3
673,249.0,1.6
674,41.0,1.3
675,32.0,0.0
676,46.0,0.2
677,5.0,0.7
678,10.0,0.2
679,21.0,0.0
680,6.0,0.0
681,2.0,0.2
682,517.0,2.8
683,1986.0,1.3
684,12.0,0.8
685,9.0,0.5
686,4.0,0.3
687,2.0,0.4
688,9.0,1.5
689,12.0,0.1
690,4.0,0.8
691,2.0,0.2
692,21.0,0.0
693,67.0,1.2
694,2.0,0.5
695,8.0,0.1
696,13.0,0.0
697,17.0,0.0
698,38.0,0.1
699,4.0,0.0
700,89.0,1.3
701,2.0,0.0
702,24.0,0.0
703,,0.6
704,5.0,0.4
705,1.0,0.7
706,93.0,0.6
707,4.0,0.0
708,2.0,0.6
709,9.0,0.0
710,60.0,0.1
711,36.0,0.1
712,10.0,1.1
713,21.0,0.0
714,59.0,0.5
715,1414.0,1.8
716,411.0,1.5
717,38.0,0.0
718,,3.0
719,12.0,0.0
720,,0.2
721,23.0,0.0
722,23.0,0.0
723,5.0,0.0
724,34.0,0.0
725,,0.6
726,1986.0,1.4
727,9.0,1.1
728,11.0,0.1
729,2.0,0.0
730,3.0,0.4
731,19.0,0.5
732,5.0,0.8
733,26.0,0.2
734,5.0,0.0
735,31.0,0.8
736,20.0,0.0
737,20.0,0.0
738,16.0,0.1
739,4.0,0.0
740,11.0,1.3
741,3.0,0.5
742,24.0,0.0
743,,2.5
744,2.0,0.0
745,3.0,0.4
746,2.0,0.7
747,59.0,0.6
748,6.0,0.0
749,2.0,0.5
750,21.0,0.0
751,31.0,0.1
752,40.0,0.1
753,,1.1
754,1.0,0.0
755,5.0,0.5
756,1046.0,1.8
757,126.0,1.5
758,56.0,1.2
759,44.0,0.0
760,,3.0
761,326.0,0.0
762,6.0,0.0
763,11.0,0.0
764,5.0,0.0
765,9.0,0.0
766,82.0,0.0
767,,0.6
768,1986.0,1.4
769,12.0,1.1
770,10.0,0.1
771,7.0,0.0
772,2.0,0.3
773,10.0,0.5
774,3.0,0.6
775,19.0,0.2
776,2.0,0.2
777,9.0,0.1
778,344.0,0.1
779,3.0,0.2
780,3.0,0.2
781,1.0,0.6
782,,0.8
783,4.0,0.3
784,2.0,0.0
785,3.0,0.1
786,1.0,1.1
787,,0.3
788,248.0,0.6
789,18.0,0.0
790,7.0,0.0
791,3.0,0.0
792,5.0,0.0
793,1.0,0.0
794,6.0,0.0
795,24.0,3.0
796,31.0,0.0
797,17.0,1.5
798,161.0,1.8
799,4.0,0.5
800,,0.0
801,,1.1
802,32.0,0.1
803,4.0,0.0
804,25.0,1.3
805,1.0,0.5
806,9.0,0.6
807,11.0,0.4
808,1.0,0.1
809,2.0,0.0
810,5.0,0.0
811,10.0,0.1
812,16.0,0.0
813,2.0,0.0
814,3.0,0.0
815,84.0,1.5
816,2.0,0.2
817,5.0,0.0
818,2.0,0.5
819,13.0,0.6
820,12.0,0.0
821,22.0,0.0
822,326.0,1.8
823,,0.0
824,10.0,0.0
825,14.0,0.0
826,28.0,0.6
827,8.0,0.5
828,3.0,1.1
829,1.0,0.1
830,42.0,0.0
831,3.0,0.0
832,3.0,0.3
833,6.0,0.8
834,,0.0
835,4.0,1.1
836,27.0,0.1
837,1.0,0.1
838,29.0,0.0
839,190.0,0.1
840,3.0,0.0
841,,0.6
842,9.0,0.4
843,1.0,0.2
844,22.0,0.0
845,,0.0
846,26.0,0.1
847,2420.0,0.3
848,74.0,1.3
849,14.0,0.0
850,,0.0
851,64.0,0.1
852,4.0,0.0
853,20.0,0.1
854,21.0,0.3
855,8.0,0.0
856,1.0,0.0
857,11.0,0.0
858,2.0,0.6
859,15.0,0.0
860,38.0,0.0
861,23.0,0.0
862,2.0,0.0
863,35.0,1.5
864,166.0,1.8
865,4.0,1.1
866,70.0,0.5
867,1.0,0.2
868,4.0,0.2
869,13.0,0.0
870,31.0,0.2
871,18.0,0.8
872,3.0,0.0
873,4.0,0.0
874,2.0,0.2
875,3.0,0.4
876,219.0,1.9
877,13.0,0.7
878,7.0,0.6
879,2.0,0.1
880,20.0,0.5
881,3.0,0.0
882,219.0,0.1
883,8.0,0.1
884,3.0,0.5
885,,0.0
886,4.0,0.0
887,147.0,0.6
888,64.0,0.5
889,4.0,1.1
890,9.0,0.0
891,2.0,0.0
892,3.0,0.0
893,23.0,0.0
894,99.0,0.0
895,12.0,0.0
896,1203.0,0.0
897,1986.0,0.6
898,4.0,1.1
899,121.0,1.5
900,152.0,0.1
901,225.0,0.0
902,17.0,0.7
903,70.0,0.5
904,44.0,0.3
905,40.0,0.6
906,42.0,0.2
907,108.0,0.2
908,34.0,0.3
909,43.0,0.0
910,33.0,0.0
911,99.0,0.0
912,,0.0
913,49.0,0.0
914,35.0,1.5
915,1733.0,1.8
916,86.0,0.5
917,10.0,0.0
918,35.0,1.1
919,435.0,0.1
920,133.0,0.1
921,365.0,0.0
922,64.0,0.5
923,2420.0,0.6
924,55.0,0.4
925,1986.0,0.0
926,53.0,0.0
927,,0.0
928,2.0,0.1
929,50.0,0.0
930,16.0,0.0
931,95.0,0.1
932,31.0,0.0
933,,0.5
934,29.0,0.0
935,10.0,0.4
936,11.0,0.2
937,50.0,0.2
938,6.0,0.6
939,435.0,0.3
940,13.0,0.0
941,19.0,0.0
942,326.0,0.0
943,6.0,0.1
944,88.0,0.3
945,84.0,0.0
946,33.0,0.0
947,16.0,0.0
948,272.0,1.1
949,378.0,0.6
950,15.0,0.5
951,57.0,0.0
952,190.0,0.1
953,1553.0,0.5
954,42.0,0.7
955,7.0,0.0
956,40.0,0.1
957,222.0,1.5
958,25.0,0.1
959,117.0,1.1
960,,0.5
961,184.0,0.5
962,2420.0,1.8
963,184.0,1.5
964,133.0,0.0
965,50.0,0.0
966,288.0,0.0
967,31.0,0.0
968,20.0,0.0
969,13.0,0.0
970,17.0,0.0
971,,0.6
972,5.0,0.0
973,,0.5
974,,0.6
975,579.0,1.9
976,39.0,0.0
977,10.0,0.0
978,82.0,1.1
979,19.0,0.1
980,285.0,1.1
981,1986.0,1.5
982,24.0,0.0
983,31.0,0.1
984,9.0,0.0
985,43.0,0.0
986,19.0,0.7
987,20.0,0.0
988,59.0,0.0
989,119.0,1.5
990,19.0,0.5
991,5.0,0.3
992,50.0,0.3
993,8.0,0.6
994,21.0,0.0
995,70.0,0.2
996,3.0,0.0
997,58.0,0.1
998,1.0,0.0
999,22.0,0.0
1000,52.0,0.0
1001,56.0,0.5
1002,31.0,0.0
1003,11.0,0.0
1004,4.0,0.1
1005,32.0,0.6
1006,12.0,0.4
1007,1.0,0.2
1008,,1.8
1009,345.0,0.5
1010,5.0,0.1
1011,32.0,0.0
1012,41.0,0.0
1013,5.0,0.0
1014,359.0,0.8
1015,11.0,0.2
1016,76.0,0.2
1017,20.0,0.0
1018,27.0,0.6
1019,,0.9
1020,199.0,2.1
1021,4.0,0.0
1022,20.0,0.5
1023,3.0,0.0
1024,4.0,0.0
1025,1.0,0.1
1026,2.0,0.0
1027,7.0,0.0
1028,4.0,0.4
1029,,0.7
1030,1.0,0.2
1031,17.0,0.5
1032,3.0,1.0
1033,20.0,1.5
1034,2.0,0.1
1035,5.0,0.0
1036,2.0,0.7
1037,,0.6
1038,12.0,0.3
1039,31.0,0.1
1040,3.0,0.3
1041,5.0,0.2
1042,,0.0
1043,1733.0,0.5
1044,7.0,0.0
1045,1.0,0.0
1046,,0.0
1047,1.0,0.0
1048,,0.0
1049,,0.0
1050,3.0,0.0
1051,20.0,1.5
1052,8.0,0.0
1053,19.0,0.0
1054,128.0,0.1
1055,3.0,0.6
1056,35.0,0.2
1057,11.0,0.1
1058,132.0,0.1
1059,28.0,0.3
1060,23.0,0.5
1061,33.0,0.6
1062,13.0,0.4
1063,11.0,0.0
1064,69.0,0.0
1065,7.0,0.1
1066,119.0,1.0
1067,1.0,0.0
1068,25.0,0.3
1069,3.0,0.7
1070,6.0,0.0
1071,6.0,0.1
1072,51.0,0.1
1073,9.0,0.0
1074,26.0,0.9
1075,29.0,0.0
1076,5.0,0.0
1077,36.0,0.5
1078,,2.1
1079,17.0,0.0
1080,122.0,0.5
1081,921.0,0.6
1082,3.0,0.0
1083,2.0,0.0
1084,9.0,0.0
1085,32.0,0.0
1086,14.0,0.0
1087,20.0,0.0
1088,345.0,1.5
1089,47.0,0.0
1090,4.0,0.0
1091,18.0,0.0
1092,2.0,0.0
1093,12.0,0.2
1094,17.0,0.1
1095,106.0,0.1
1096,2.0,0.3
1097,2.0,0.5
1098,4.0,0.6
1099,,0.4
1100,11.0,0.0
1101,2.0,0.0
1102,8.0,0.0
1103,6.0,0.5
1104,3.0,0.0
1105,1.0,0.0
1106,1.0,0.0
1107,3.0,0.1
1108,1.0,0.1
1109,1.0,1.0
1110,1.0,0.6
1111,1.0,0.3
1112,,0.7
1113,119.0,2.1
1114,3.0,0.1
1115,1.0,0.9
1116,1203.0,0.5
1117,10.0,0.6
1118,2.0,0.0
1119,,0.0
1120,1.0,0.0
1121,2.0,0.0
1122,1.0,0.0
1123,3.0,0.0
1124,5.0,0.0
1125,4.0,0.0
1126,17.0,1.5
1127,1.0,0.6
1128,6.0,0.0
1129,,0.0
1130,8.0,0.0
1131,3.0,0.1
1132,11.0,0.0
1133,6.0,0.0
1134,3.0,0.0
1135,5.0,0.4
1136,4.0,0.2
1137,13.0,0.5
1138,1.0,0.3
1139,5.0,0.0
1140,2.0,0.3
1141,,0.0
1142,4.0,0.1
1143,4.0,1.5
1144,,0.9
1145,16.0,0.5
1146,23.0,1.7
1147,16.0,0.6
1148,6.0,0.0
1149,2.0,0.0
1150,,0.0
1151,6.0,1.0
1152,,0.0
1153,3.0,0.0
1154,76.0,0.1
1155,24.0,0.1
1156,11.0,0.2
1157,1.0,0.0
1158,12.0,0.5
1159,21.0,2.1
1160,7.0,1.5
1161,3.0,0.0
1162,1.0,0.1
1163,5.0,0.0
1164,3.0,0.0
1165,18.0,0.0
1166,4.0,0.0
1167,11.0,0.9
1168,29.0,0.5
1169,11.0,0.0
1170,21.0,0.0
1171,19.0,0.6
1172,11.0,0.0
1173,5.0,0.0
1174,4.0,0.0
1175,12.0,0.0
1176,4.0,0.0
1177,78.0,1.5
1178,54.0,2.1
1179,10.0,0.5
1180,3.0,0.0
1181,19.0,0.2
1182,32.0,0.1
1183,68.0,1.7
1184,62.0,0.1
1185,3.0,0.3
1186,32.0,0.5
1187,13.0,0.2
1188,5.0,0.4
1189,7.0,0.0
1190,15.0,0.0
1191,11.0,0.0
1192,34.0,0.0
1193,5.0,0.1
1194,3.0,0.1
1195,4.0,1.0
1196,9.0,0.6
1197,3.0,0.3
1198,4.0,0.0
1199,3.0,0.0
1200,22.0,0.1
1201,6.0,0.0
1202,7.0,0.0
1203,116.0,0.9
1204,2.0,0.1
1205,2.0,0.0
1206,2.0,0.0
1207,38.0,0.3
1208,1.0,0.6
1209,24.0,1.0
1210,17.0,0.1
1211,5.0,0.2
1212,5.0,0.0
1213,2.0,0.0
1214,11.0,0.6
1215,16.0,0.1
1216,26.0,0.0
1217,5.0,0.0
1218,33.0,0.0
1219,13.0,0.0
1220,1.0,0.4
1221,77.0,0.5
1222,7.0,0.5
1223,2.0,0.3
1224,2.0,0.0
1225,26.0,0.1
1226,10.0,0.2
1227,2.0,0.0
1228,12.0,0.5
1229,32.0,2.1
1230,,1.5
1231,4.0,0.0
1232,7.0,0.0
1233,22.0,0.0
1234,15.0,0.0
1235,9.0,0.0
1236,7.0,0.2
1237,5.0,0.0
1238,6.0,0.1
1239,16.0,0.0
1240,91.0,0.9
1241,16.0,0.0
1242,84.0,0.0
1243,17.0,0.0
1244,22.0,1.5
1245,411.0,2.1
1246,66.0,0.5
1247,40.0,1.0
1248,3.0,0.6
1249,1.0,0.3
1250,2.0,0.0
1251,1.0,0.0
1252,3.0,0.0
1253,37.0,0.1
1254,16.0,0.1
1255,7.0,0.3
1256,9.0,0.5
1257,8.0,0.2
1258,3.0,0.4
1259,10.0,0.0
1260,22.0,0.0
1261,3.0,0.0
1262,2.0,0.0
1263,9.0,0.2
1264,86.0,0.0
1265,12.0,0.5
1266,9.0,0.2
1267,7.0,0.1
1268,15.0,0.0
1269,2.0,0.0
1270,5.0,0.0
1271,6.0,0.6
1272,7.0,0.0
1273,9.0,0.0
1274,199.0,0.1
1275,12.0,0.0
1276,34.0,0.0
1277,3.0,0.0
1278,38.0,0.0
1279,56.0,0.0
1280,15.0,0.4
1281,18.0,0.2
1282,10.0,0.5
1283,2.0,0.3
1284,25.0,0.1
1285,40.0,0.1
1286,,0.0
1287,69.0,0.5
1288,99.0,2.1
1289,816.0,1.5
1290,56.0,0.4
1291,20.0,0.0
1292,48.0,1.0
1293,28.0,0.0
1294,50.0,0.0
1295,7.0,0.0
1296,107.0,0.2
1297,23.0,0.0
1298,8.0,0.6
1299,8.0,1.7
1300,12.0,0.5
1301,104.0,0.9
1302,6.0,0.1
1303,22.0,0.0
1304,3.0,0.0
1305,4.0,0.3
1306,1.0,0.6
1307,17.0,1.0
1308,3.0,0.1
1309,21.0,0.8
1310,41.0,1.0
1311,184.0,0.2
1312,36.0,0.0
1313,687.0,0.6
1314,115.0,1.7
1315,225.0,0.5
1316,1046.0,0.9
1317,2.0,0.1
1318,19.0,0.0
1319,1.0,0.0
1320,27.0,0.3
1321,10.0,0.6
1322,8.0,0.3
1323,19.0,0.1
1324,1300.0,0.0
1325,328.0,1.0
1326,17.0,0.0
1327,326.0,0.4
1328,2420.0,1.5
1329,921.0,2.1
1330,727.0,0.5
1331,12.0,0.0
1332,921.0,0.8
1333,125.0,0.1
1334,411.0,0.1
1335,37.0,0.5
1336,225.0,0.0
1337,93.0,0.2
1338,365.0,0.4
1339,33.0,0.0
1340,58.0,0.0
1341,194.0,0.0
1342,49.0,0.0
1343,1733.0,0.1
1344,131.0,0.0
1345,88.0,0.0
1346,365.0,0.0
1347,41.0,0.0
1348,7.0,0.0
1349,3.0,0.1
1350,13.0,1.0
1351,,0.6
1352,1.0,0.3
1353,32.0,0.0
1354,,0.1
1355,5.0,1.5
1356,13.0,0.9
1357,4.0,0.5
1358,13.0,1.7
1359,17.0,0.0
1360,12.0,0.0
1361,16.0,0.2
1362,4.0,0.0
1363,6.0,0.0
1364,99.0,0.0
1365,1.0,1.0
1366,166.0,0.0
1367,25.0,0.4
1368,23.0,2.1
1369,,0.0
1370,15.0,0.1
1371,53.0,0.1
1372,10.0,0.1
1373,12.0,0.0
1374,,0.5
1375,9.0,0.2
1376,7.0,0.4
1377,16.0,0.0
1378,11.0,0.0
1379,8.0,0.0
1380,28.0,0.0
1381,13.0,0.8
1382,10.0,0.6
1383,3.0,0.0
1384,6.0,0.5
1385,,0.3
1386,184.0,0.0
1387,15.0,0.1
1388,22.0,0.0
1389,3.0,0.0
1390,11.0,0.0
1391,84.0,0.1
1392,20.0,0.0
1393,4.0,0.0
1394,7.0,0.0
1395,6.0,0.0
1396,29.0,0.2
1397,1.0,0.5
1398,,0.3
1399,19.0,1.0
1400,33.0,0.1
1401,27.0,0.8
1402,21.0,0.5
1403,26.0,2.1
1404,33.0,0.4
1405,13.0,0.0
1406,6.0,1.0
1407,26.0,0.0
1408,12.0,0.0
1409,10.0,0.0
1410,25.0,0.0
1411,11.0,0.4
1412,12.0,0.6
1413,15.0,0.5
1414,78.0,0.9
1415,6.0,0.1
1416,14.0,0.0
1417,2.0,0.0
1418,1.0,0.3
1419,1.0,0.6
1420,11.0,0.2
1421,5.0,0.0
1422,11.0,0.5
1423,,0.0
1424,19.0,0.0
1425,1.0,0.0
1426,5.0,0.2
1427,,0.0
1428,6.0,0.0
1429,91.0,0.0
1430,4.0,1.0
1431,291.0,0.0
1432,26.0,0.4
1433,15.0,0.0
1434,147.0,2.1
1435,2.0,0.0
1436,67.0,0.8
1437,41.0,0.1
1438,16.0,0.1
1439,4.0,0.5
1440,7.0,0.2
1441,,0.4
1442,,0.0
1443,8.0,0.0
1444,10.0,0.0
1445,12.0,0.6
1446,3.0,0.3
1447,9.0,0.9
1448,10.0,0.1
1449,7.0,0.0
1450,5.0,0.3
1451,21.0,0.0
1452,5.0,0.5
1453,3.0,0.1
1454,1.0,0.6
1455,4.0,0.3
1456,4.0,0.1
1457,12.0,0.5
1458,16.0,0.6
1459,17.0,0.0
1460,22.0,0.2
1461,36.0,0.0
1462,13.0,0.0
1463,13.0,0.0
1464,4.0,0.0
1465,9.0,0.0
1466,15.0,0.0
1467,24.0,0.1
1468,2.0,1.0
1469,13.0,0.0
1470,24.0,0.4
1471,219.0,2.1
1472,47.0,0.5
1473,1.0,0.0
1474,18.0,0.8
1475,8.0,0.0
1476,61.0,0.1
1477,19.0,0.1
1478,,0.3
1479,34.0,0.9
1480,13.0,0.0
1481,33.0,0.2
1482,4.0,0.0
1483,2.0,0.3
1484,20.0,1.0
1485,13.0,0.6
1486,3.0,0.3
1487,2.0,0.0
1488,6.0,0.0
1489,15.0,0.0
1490,2.0,0.0
1491,,0.4
1492,12.0,0.5
1493,10.0,0.0
1494,18.0,0.1
1495,20.0,1.1
1496,,0.0
1497,,0.0
1498,10.0,0.0
1499,10.0,0.8
1500,75.0,0.7
1501,10.0,0.8
1502,,0.0
1503,,0.0
1504,10.0,0.0
1505,,0.0
1506,365.0,1.7
1507,275.0,1.5
1508,,0.5
1509,10.0,0.0
1510,10.0,0.3
1511,958.0,2.0
1512,31.0,0.0
1513,,0.0
1514,10.0,3.4
1515,,0.1
1516,10.0,0.4
1517,63.0,0.5
1518,11.0,0.6
1519,10.0,1.1
1520,,0.0
1521,20.0,0.0
1522,578.0,0.0
1523,393.0,0.1
1524,10.0,0.6
1525,20.0,0.5
1526,10.0,0.2
1527,98.0,0.0
1528,20.0,1.4
1529,5.0,0.0
1530,,0.0
1531,10.0,0.0
1532,10.0,0.0
1533,,0.0
1534,28.0,1.1
1535,86.0,0.1
1536,276.0,1.7
1537,18.0,0.6
1538,2.0,0.0
1539,9.0,1.4
1540,2.0,0.0
1541,28.0,0.2
1542,20.0,0.0
1543,57.0,0.0
1544,10.0,0.8
1545,86.0,0.7
1546,,0.8
1547,,0.0
1548,,0.0
1549,20.0,0.0
1550,10.0,0.0
1551,30.0,1.1
1552,10.0,0.5
1553,,0.4
1554,,0.0
1555,31.0,0.1
1556,31.0,1.4
1557,31.0,0.0
1558,,0.2
1559,41.0,0.5
1560,41.0,0.6
1561,262.0,0.1
1562,,0.0
1563,,3.4
1564,20.0,0.0
1565,31.0,0.0
1566,2014.0,2.0
1567,31.0,0.3
1568,86.0,0.0
1569,,0.5
1570,73.0,1.5
1571,10.0,0.0
1572,,0.0
1573,22.0,0.1
1574,10.0,0.1
1575,,0.0
1576,,0.5
1577,,0.2
1578,,0.0
1579,,0.0
1580,,0.4
1581,10.0,0.1
1582,,0.0
1583,,0.3
1584,31.0,2.0
1585,20.0,0.0
1586,20.0,0.6
1587,3.0,0.0
1588,196.0,0.0
1589,1.0,0.0
1590,7.0,1.4
1591,1.0,0.0
1592,86.0,0.0
1593,18.0,0.6
1594,7.0,1.7
1595,,0.0
1596,10.0,0.5
1597,9.0,1.1
1598,2.0,0.0
1599,9.0,0.5
1600,,0.8
1601,10.0,0.7
1602,,0.8
1603,10.0,0.0
1604,,0.0
1605,,0.0
1606,,0.0
1607,10.0,1.5
1608,,0.5
1609,,1.4
1610,,0.0
1611,,0.0
1612,31.0,0.0
1613,,0.0
1614,,0.0
1615,10.0,3.4
1616,30.0,1.1
1617,10.0,0.0
1618,10.0,0.0
1619,52.0,0.0
1620,31.0,0.0
1621,,0.4
1622,132.0,1.5
1623,,0.5
1624,,0.0
1625,,0.3
1626,2481.0,2.0
1627,,0.0
1628,,0.0
1629,,3.4
1630,,0.0
1631,160.0,0.1
1632,,0.6
1633,63.0,0.5
1634,10.0,0.2
1635,41.0,0.0
1636,10.0,1.4
1637,52.0,0.1
1638,20.0,1.1
1639,,0.0
1640,,0.0
1641,,0.0
1642,31.0,0.8
1643,,0.7
1644,,0.8
1645,6.0,0.0
1646,,0.0
1647,,0.0
1648,,0.0
1649,45.0,1.1
1650,337.0,0.1
1651,185.0,1.7
1652,41.0,0.3
1653,19.0,0.0
1654,19.0,1.4
1655,8.0,0.0
1656,10.0,0.7
1657,11.0,0.2
1658,29.0,0.0
1659,50.0,0.0
1660,34.0,1.6
1661,28.0,0.0
1662,10.0,0.0
1663,74.0,0.5
1664,6.0,0.4
1665,283.0,0.7
1666,41.0,0.0
1667,,0.8
1668,,0.7
1669,,0.8
1670,8.0,0.0
1671,10.0,0.0
1672,,0.0
1673,,0.0
1674,122.0,1.1
1675,22.0,0.1
1676,214.0,1.7
1677,6.0,0.6
1678,30.0,0.0
1679,194.0,1.4
1680,28.0,0.0
1681,10.0,0.0
1682,16.0,0.4
1683,7.0,0.2
1684,33.0,0.0
1685,75.0,0.0
1686,126.0,1.6
1687,10.0,1.1
1688,,0.3
1689,31.0,0.0
1690,41.0,0.0
1691,,0.0
1692,10.0,0.5
1693,,0.4
1694,,0.1
1695,,0.0
1696,30.0,0.0
1697,10.0,0.2
1698,10.0,0.5
1699,,0.6
1700,650.0,0.1
1701,2723.0,0.0
1702,31.0,3.4
1703,,0.0
1704,10.0,0.0
1705,,2.0
1706,228.0,0.0
1707,,0.5
1708,563.0,1.5
1709,,0.0
1710,10.0,0.0
1711,,1.4
1712,,0.6
1713,,0.0
1714,10.0,0.0
1715,,0.0
1716,20.0,0.0
1717,,1.5
1718,,0.5
1719,20.0,0.0
1720,,0.3
1721,31.0,2.0
1722,,0.0
1723,,0.0
1724,,3.4
1725,72.0,0.0
1726,,0.1
1727,,0.0
1728,10.0,0.0
1729,10.0,1.1
1730,,0.0
1731,,0.8
1732,10.0,0.0
1733,,0.8
1734,10.0,0.7
1735,6.0,0.0
1736,,0.0
1737,,0.0
1738,,0.0
1739,,1.1
1740,86.0,0.1
1741,5.0,1.7
1742,6.0,0.3
1743,,0.0
1744,,1.4
1745,66.0,0.0
1746,9.0,0.7
1747,5.0,0.4
1748,,0.2
1749,,0.0
1750,10.0,0.2
1751,10.0,0.5
1752,4.0,0.0
1753,,0.1
1754,16.0,1.6
1755,58.0,0.0
1756,164.0,0.0
1757,,1.4
1758,,0.4
1759,10.0,0.5
1760,10.0,0.0
1761,12.0,1.7
1762,31.0,0.1
1763,9.0,1.1
1764,,0.0
1765,10.0,0.0
1766,5.0,0.0
1767,,0.8
1768,10.0,0.7
1769,10.0,0.8
1770,,0.0
1771,,0.0
1772,14.0,0.6
1773,10.0,0.0
1774,,0.0
1775,20.0,1.5
1776,10.0,0.5
1777,20.0,0.0
1778,10.0,0.3
1779,,2.0
1780,20.0,0.0
1781,,0.0
1782,10.0,3.4
1783,41.0,0.0
1784,20.0,0.0
1785,,0.6
1786,10.0,0.5
1787,,0.2
1788,,0.0
1789,,1.4
1790,,0.1
1791,,0.4
1792,,0.5
1793,10.0,0.0
1794,10.0,1.1
1795,148.0,0.0
1796,275.0,0.1
1797,,0.0
1798,20.0,1.2
1799,2.0,0.0
1800,10.0,1.6
1801,16.0,0.0
1802,17.0,0.0
1803,4.0,0.2
1804,,0.4
1805,3.0,0.0
1806,,1.4
1807,2.0,0.0
1808,35.0,0.3
1809,11.0,1.7
1810,20.0,0.1
1811,,1.1
1812,,0.0
1813,,0.0
1814,,0.0
1815,,0.0
1816,,0.8
1817,,0.7
1818,,0.2
1819,,0.0
1820,10.0,0.0
1821,,0.0
1822,10.0,0.0
1823,,0.0
1824,,0.0
1825,41.0,1.5
1826,10.0,0.5
1827,,0.0
1828,10.0,0.3
1829,169.0,2.0
1830,,0.0
1831,10.0,0.0
1832,10.0,3.4
1833,31.0,0.0
1834,31.0,0.1
1835,,0.6
1836,10.0,0.5
1837,,0.2
1838,,0.0
1839,,1.4
1840,10.0,0.1
1841,,0.4
1842,,0.5
1843,,1.1
1844,10.0,0.0
1845,10.0,0.0
1846,41.0,1.1
1847,48.0,1.4
1848,,0.0
1849,2420.0,0.3
1850,6.0,1.7
1851,1483.0,0.1
1852,10.0,1.1
1853,,0.0
1854,,0.0
1855,41.0,0.0
1856,10.0,0.0
1857,,0.8
1858,20.0,1.1
1859,,0.2
1860,10.0,0.0
1861,,0.0
1862,6.0,0.0
1863,10.0,0.0
1864,10.0,0.0
1865,441.0,1.5
1866,,0.0
1867,,0.5
1868,10.0,0.0
1869,,0.3
1870,,2.0
1871,,0.0
1872,,3.4
1873,31.0,0.0
1874,63.0,0.1
1875,,0.6
1876,20.0,0.5
1877,,0.2
1878,11.0,0.4
1879,10.0,1.4
1880,20.0,0.1
1881,,0.4
1882,10.0,0.5
1883,10.0,0.0
1884,63.0,0.0
1885,43.0,0.0
1886,10.0,0.0
1887,13.0,0.2
1888,,0.0
1889,2.0,0.0
1890,15.0,1.6
1891,69.0,0.0
1892,,0.0
1893,,0.0
1894,,0.0
1895,627.0,
1896,,0.0
1897,,0.0
1898,10.0,1.6
1899,31.0,0.7
1900,,0.2
1901,,0.0
1902,,1.2
1903,,0.0
1904,,0.0
1905,10.0,0.0
1906,,0.0
1907,939.0,1.5
1908,52.0,0.5
1909,10.0,0.0
1910,20.0,0.3
1911,,2.0
1912,171.0,0.0
1913,,0.0
1914,20.0,0.0
1915,,0.0
1916,20.0,0.6
1917,41.0,0.0
1918,,0.0
1919,,0.2
1920,,0.1
1921,,0.0
1922,110.0,2.2
1923,295.0,1.4
1924,41.0,0.8
1925,10.0,0.1
1926,10.0,0.4
1927,10.0,0.5
1928,122.0,0.0
1929,2481.0,1.1
1930,,0.0
1931,20.0,0.0
1932,20.0,0.1
1933,30.0,1.6
1934,,3.4
1935,,0.0
1936,341.0,0.0
1937,30.0,0.0
1938,20.0,1.1
1939,,0.0
1940,,0.5
1941,10.0,0.4
1942,301.0,0.6
1943,364.0,0.1
1944,41.0,0.0
1945,31.0,0.1
1946,10.0,1.4
1947,10.0,0.0
1948,,0.2
1949,98.0,0.0
1950,,0.6
1951,10.0,0.0
1952,63.0,0.2
1953,216.0,0.0
1954,613.0,0.1
1955,214.0,1.7
1956,10.0,0.0
1957,121.0,0.1
1958,41.0,0.0
1959,10.0,3.4
1960,,0.0
1961,10.0,0.0
1962,30.0,0.2
1963,663.0,2.0
1964,20.0,0.4
1965,31.0,0.2
1966,767.0,2.3
1967,238.0,0.4
1968,218.0,0.1
1969,122.0,0.0
1970,63.0,0.0
1971,73.0,0.3
1972,30.0,0.0
1973,,0.5
1974,41.0,0.0
1975,,0.7
1976,73.0,0.0
1977,30.0,0.0
1978,,0.0
1979,75.0,0.1
1980,74.0,0.0
1981,20.0,0.0
1982,85.0,1.3
1983,384.0,1.5
1984,31.0,0.0
1985,,0.0
1986,383.0,1.2
1987,85.0,0.0
1988,,0.2
1989,,1.6
1990,,0.0
1991,120.0,
1992,,0.0
1993,,0.0
1994,27.0,1.1
1995,10.0,1.5
1996,,0.0
1997,,1.2
1998,20.0,0.0
1999,,3.4
2000,,0.0
2001,,0.0
2002,52.0,2.0
2003,10.0,0.3
2004,,0.0
2005,,0.5
2006,,1.5
2007,,0.0
2008,30.0,0.0
2009,,0.0
2010,,0.0
2011,,0.0
2012,,0.2
2013,,0.7
2014,,1.6
2015,,0.0
2016,10.0,0.0
2017,,0.0
2018,,0.0
2019,30.0,
2020,,0.0
2021,,1.1
2022,142.0,0.1
2023,6.0,1.7
2024,16.0,0.3
2025,,0.1
2026,,0.9
2027,1.0,0.0
2028,,0.0
2029,,0.0
2030,10.0,0.0
2031,,1.1
2032,20.0,0.0
2033,,0.5
2034,,0.4
2035,,0.1
2036,,1.4
2037,1.0,1.4
2038,,0.0
2039,,0.2
2040,,0.6
2041,,0.0
2042,3.0,0.0
2043,2.0,0.0
2044,1.0,0.4
2045,2.0,0.0
2046,4.0,0.2
2047,86.0,0.0
2048,252.0,
2049,182.0,
2050,1.0,1.1
2051,,0.0
2052,1.0,0.1
2053,86.0,0.0
2054,20.0,0.0
2055,,0.0
2056,73.0,1.1
2057,85.0,0.0
2058,41.0,0.5
2059,20.0,0.4
2060,389.0,0.1
2061,10.0,1.4
2062,10.0,0.0
2063,10.0,0.2
2064,75.0,0.0
2065,,1.6
2066,10.0,0.0
2067,213.0,
2068,74.0,1.7
2069,2310.0,1.2
2070,,1.5
2071,10.0,0.5
2072,,0.0
2073,,0.3
2074,31.0,0.6
2075,,2.0
2076,41.0,0.0
2077,,0.0
2078,,3.4
2079,86.0,0.1
2080,794.0,0.0
2081,292.0,0.4
2082,1234.0,0.2
2083,1106.0,0.0
2084,512.0,1.1
2085,1723.0,0.0
2086,959.0,1.5
2087,14.0,0.2
2088,266.0,0.0
2089,598.0,0.3
2090,573.0,1.3
2091,605.0,0.0
2092,473.0,0.0
2093,591.0,0.1
2094,1720.0,0.0
2095,583.0,0.1
2096,441.0,0.0
2097,762.0,0.7
2098,1333.0,1.2
2099,,2.0
2100,591.0,0.0
2101,816.0,0.3
2102,345.0,0.2
2103,243.0,1.4
2104,241.0,1.2
2105,161.0,0.1
2106,,0.0
2107,10.0,0.0
2108,41.0,0.0
2109,63.0,0.0
2110,10.0,0.3
2111,10.0,0.0
2112,10.0,0.0
2113,84.0,0.0
2114,10.0,0.0
2115,74.0,1.5
2116,1479.0,0.8
2117,30.0,0.0
2118,84.0,0.0
2119,41.0,0.5
2120,860.0,2.3
2121,481.0,0.0
2122,62.0,0.0
2123,10.0,0.0
2124,61.0,0.0
2125,20.0,0.2
2126,171.0,2.0
2127,,0.3
2128,379.0,0.0
2129,1616.0,0.0
2130,2755.0,0.0
2131,,0.0
2132,933.0,0.0
2133,1234.0,0.0
2134,,0.1
2135,1106.0,0.0
2136,984.0,1.2
2137,546.0,0.0
2138,1333.0,0.1
2139,1607.0,0.1
2140,1541.0,0.0
2141,990.0,0.4
2142,2481.0,2.2
2143,327.0,0.2
2144,557.0,0.4
2145,189.0,2.0
2146,10.0,0.2
2147,161.0,0.6
2148,,0.0
2149,,3.4
2150,52.0,0.0
2151,20.0,0.1
2152,262.0,0.0
2153,465.0,0.0
2154,1246.0,0.1
2155,448.0,0.0
2156,259.0,0.2
2157,657.0,0.0
2158,41.0,0.6
2159,97.0,0.7
2160,20.0,0.0
2161,20.0,0.0
2162,,0.2
2163,,0.1
2164,,0.0
2165,20.0,0.8
2166,20.0,1.4
2167,20.0,0.8
2168,20.0,0.1
2169,97.0,0.0
2170,888.0,0.1
2171,880.0,0.6
2172,10.0,0.4
2173,52.0,0.5
2174,10.0,0.0
2175,624.0,0.0
2176,10.0,0.0
2177,63.0,0.0
2178,908.0,0.0
2179,1904.0,0.1
2180,364.0,0.0
2181,41.0,0.1
2182,31.0,0.4
2183,20.0,1.2
2184,31.0,0.0
2185,,0.0
2186,,0.0
2187,,1.3
2188,144.0,2.6
2189,,0.0
2190,10.0,0.2
2191,,0.1
2192,10.0,0.2
2193,,0.0
2194,1104.0,
2195,,0.7
2196,20.0,0.7
2197,20.0,0.6
2198,197.0,0.1
2199,,1.6
2200,14.0,0.1
2201,20.0,0.1
2202,,0.2
2203,75.0,0.0
2204,183.0,0.6
2205,108.0,0.0
2206,203.0,1.3
2207,473.0,0.4
2208,364.0,0.4
2209,336.0,0.4
2210,280.0,0.0
2211,253.0,0.0
2212,213.0,0.1
2213,341.0,0.3
2214,210.0,0.0
2215,340.0,0.0
2216,930.0,0.0
2217,290.0,0.0
2218,132.0,0.0
2219,1275.0,2.5
2220,1120.0,1.1
2221,200.0,1.1
2222,75.0,0.2
2223,987.0,0.0
2224,432.0,0.0
2225,860.0,1.9
2226,301.0,1.7
2227,80.0,1.7
2228,10.0,0.0
2229,,0.0
2230,40.0,0.6
2231,50.0,
2232,130.0,
2233,1620.0,
2234,,0.0
2235,20.0,0.0
2236,99.0,0.0
2237,30.0,0.0
2238,,1.0
2239,934.0,1.6
2240,13.0,0.0
2241,11.0,1.7
2242,250.0,0.9
2243,,0.0
2244,10.0,0.0
2245,,1.1
2246,,0.1
2247,20.0,0.1
2248,727.0,0.0
2249,41.0,0.1
2250,1248.0,0.1
2251,5.0,0.6
2252,11.0,1.5
2253,4.0,0.2
2254,15.0,0.6
2255,31.0,0.3
2256,30.0,1.2
2257,333.0,0.0
2258,35.0,0.0
2259,21.0,0.0
2260,7.0,1.4
2261,,0.0
2262,83.0,0.0
2263,43.0,0.0
2264,11.0,0.0
2265,20.0,1.1
2266,10.0,0.9
2267,,1.6
2268,41.0,0.0
2269,31.0,0.0
2270,30.0,1.1
2271,20.0,0.0
2272,30.0,0.5
2273,10.0,0.4
2274,,0.1
2275,51.0,0.1
2276,10.0,1.4
2277,10.0,0.0
2278,,0.2
2279,20.0,0.0
2280,20.0,0.6
2281,10.0,0.1
2282,,0.0
2283,,3.4
2284,,0.0
2285,10.0,0.0
2286,538.0,2.0
2287,,0.3
2288,51.0,0.0
2289,97.0,0.5
2290,120.0,1.5
2291,134.0,0.0
2292,,0.0
2293,1553.0,0.0
2294,81.0,0.0
2295,,0.0
2296,216.0,0.2
2297,31.0,0.7
2298,7.0,0.1
2299,1396.0,0.0
2300,,0.0
2301,63.0,0.0
2302,74.0,0.0
2303,80.0,0.0
2304,158.0,1.1
2305,1217.0,0.1
2306,222.0,0.3
2307,364.0,1.2
2308,1.0,0.0
2309,3.0,0.0
2310,324.0,1.4
2311,4.0,0.1
2312,5.0,0.0
2313,11.0,0.0
2314,2.0,0.4
2315,16.0,0.0
2316,179.0,0.2
2317,1500.0,0.0
2318,584.0,
2319,142.0,0.0
2320,335.0,
2321,1500.0,1.2
2322,1500.0,1.1
2323,1500.0,1.1
2324,,0.0
2325,,0.0
2326,10.0,1.1
2327,,0.0
2328,10.0,0.5
2329,,0.1
2330,,1.4
2331,10.0,0.0
2332,,0.2
2333,10.0,0.0
2334,,0.6
2335,52.0,0.1
2336,464.0,0.0
2337,,3.4
2338,,0.0
2339,,0.0
2340,120.0,2.0
2341,,0.3
2342,,0.0
2343,10.0,0.5
2344,31.0,1.5
2345,,0.0
2346,20.0,0.0
2347,10.0,0.0
2348,10.0,0.0
2349,,0.0
2350,,0.2
2351,,0.7
2352,,1.6
2353,,0.0
2354,10.0,0.0
2355,40.0,0.0
2356,10.0,0.0
2357,,0.0
2358,,0.0
2359,20.0,0.4
2360,9.0,0.3
2361,517.0,0.1
2362,1046.0,0.0
2363,282.0,0.0
2364,187.0,0.0
2365,320.0,0.0
2366,231.0,1.0
2367,1300.0,0.5
2368,104.0,0.6
2369,1300.0,0.5
2370,457.0,0.2
2371,1046.0,0.3
2372,435.0,1.5
2373,139.0,0.6
2374,259.0,0.1
2375,1300.0,0.0
2376,387.0,0.1
2377,63.0,0.1
2378,60.0,0.0
2379,,0.9
2380,298.0,1.7
2381,60.0,0.0
2382,,1.6
2383,,1.0
2384,20.0,0.0
2385,40.0,0.0
2386,240.0,0.0
2387,,
2388,1240.0,
2389,130.0,
2390,300.0,0.6
2391,85.0,0.0
2392,980.0,0.0
2393,76.0,0.0
2394,649.0,0.0
2395,,1.2
2396,1300.0,0.4
2397,,0.0
2398,1203.0,0.6
2399,154.0,0.1
2400,326.0,0.0
2401,126.0,0.0
2402,260.0,0.4
2403,1300.0,0.2
2404,435.0,0.0
2405,1500.0,2.0
2406,770.0,1.1
2407,411.0,0.0
2408,1986.0,1.5
2409,1986.0,0.0
2410,161.0,0.0
2411,517.0,0.3
2412,1120.0,1.3
2413,48.0,0.0
2414,111.0,0.0
2415,88.0,0.1
2416,261.0,0.0
2417,138.0,0.1
2418,44.0,0.0
2419,88.0,0.7
2420,144.0,1.2
2421,1553.0,2.0
2422,185.0,0.0
2423,308.0,0.0
2424,79.0,0.3
2425,236.0,0.2
2426,,1.4
2427,,1.2
2428,1300.0,0.1
2429,320.0,1.1
2430,411.0,0.0
2431,488.0,0.0
2432,1553.0,0.0
2433,,0.3
2434,134.0,0.0
2435,1414.0,0.0
2436,1733.0,0.0
2437,,0.8
2438,1553.0,0.0
2439,1553.0,0.0
2440,,2.3
2441,1733.0,0.0
2442,1500.0,1.1
2443,1500.0,1.1
2444,1500.0,0.1
2445,1500.0,0.0
2446,250.0,0.0
2447,221.0,0.0
2448,179.0,0.0
2449,530.0,0.0
2450,1500.0,0.0
2451,149.0,0.0
2452,1500.0,3.2
2453,1500.0,1.1
2454,1500.0,1.1
2455,1058.0,1.0
2456,320.0,0.4
2457,1090.0,2.1
2458,1500.0,2.1
2459,,2.6
2460,78.0,0.1
2461,261.0,0.2
2462,52.0,0.0
2463,197.0,0.7
2464,528.0,0.6
2465,,0.8
2466,,0.8
2467,159.0,0.1
2468,73.0,0.2
2469,,0.0
2470,77.0,0.0
2471,219.0,0.6
2472,48.0,0.0
2473,649.0,1.3
2474,12.0,0.4
2475,11.0,0.4
2476,12.0,0.4
2477,7.0,0.0
2478,50.0,0.0
2479,12.0,0.1
2480,2420.0,0.6
2481,10.0,0.0
2482,7.0,0.0
2483,19.0,0.0
2484,3.0,0.0
2485,17.0,0.0
2486,226.0,0.0
2487,1095.0,1.7
2488,2220.0,1.7
2489,1935.0,0.1
2490,197.0,0.0
2491,,0.8
2492,,0.8
2493,770.0,0.7
2494,,0.1
2495,,0.7
2496,,0.7
2497,,0.2
2498,41.0,0.0
2499,9.0,0.2
2500,19.0,0.0
2501,1785.0,0.1
2502,179.0,0.0
2503,400.0,0.0
2504,,1.3
2505,,0.5
2506,921.0,0.2
2507,161.0,0.4
2508,225.0,0.2
2509,,2.3
2510,146.0,0.4
2511,763.0,2.0
2512,1733.0,0.0
2513,365.0,0.0
2514,249.0,0.0
2515,411.0,0.0
2516,488.0,0.0
2517,435.0,0.0
2518,326.0,0.1
2519,461.0,0.0
2520,,1.2
2521,194.0,0.0
2522,162.0,0.1
2523,548.0,0.1
2524,68.0,0.0
2525,10.0,0.0
2526,73.0,1.1
2527,6.0,
2528,112.0,0.2
2529,,
2530,3.0,0.0
2531,2.0,0.7
2532,59.0,0.0
2533,,0.0
2534,,0.0
2535,,1.0
2536,410.0,0.2
2537,20.0,0.6
2538,,0.5
2539,,0.0
2540,,0.0
2541,1.0,0.1
2542,,0.0
2543,41.0,0.0
2544,10.0,0.0
2545,,1.9
2546,,0.8
2547,,2.0
2548,,0.6
2549,,0.0
2550,20.0,0.4
2551,,0.0
2552,20.0,0.3
2553,,0.1
2554,,0.3
2555,10.0,0.0
2556,10.0,1.2
2557,10.0,0.0
2558,,0.0
2559,,0.0
2560,10.0,
2561,,0.0
2562,,1.1
2563,,0.6
2564,,0.0
2565,109.0,0.2
2566,,0.4
2567,,0.5
2568,41.0,1.2
2569,,0.5
2570,10.0,0.2
2571,,0.0
2572,10.0,1.0
2573,20.0,1.8
2574,4.0,0.0
2575,,0.3
2576,,0.0
2577,,1.8
2578,959.0,1.0
2579,41.0,0.0
2580,31.0,0.2
2581,121.0,0.5
2582,134.0,1.2
2583,,0.5
2584,404.0,0.4
2585,368.0,0.2
2586,958.0,0.3
2587,98.0,0.0
2588,10.0,0.6
2589,75.0,0.0
2590,,
2591,10.0,0.0
2592,959.0,0.0
2593,41.0,0.0
2594,816.0,1.2
2595,,0.0
2596,85.0,0.3
2597,1274.0,0.1
2598,51.0,0.3
2599,41.0,0.0
2600,148.0,0.4
2601,,0.0
2602,10.0,0.6
2603,86.0,2.0
2604,20.0,0.8
2605,10.0,1.9
2606,10.0,0.0
2607,20.0,0.0
2608,10.0,0.0
2609,86.0,0.0
2610,20.0,0.0
2611,,0.6
2612,1427.0,0.2
2613,109.0,1.0
2614,123.0,0.0
2615,134.0,0.0
2616,11.0,0.0
2617,11.0,0.7
2618,19.0,0.0
2619,115.0,0.0
2620,1496.0,
2621,1500.0,0.2
2622,1500.0,
2623,246.0,0.0
2624,31.0,1.1
2625,31.0,0.0
2626,,0.5
2627,,0.0
2628,75.0,1.0
2629,20.0,0.0
2630,41.0,0.2
2631,20.0,0.5
2632,2400.0,1.2
2633,,0.5
2634,30.0,0.4
2635,,0.2
2636,,0.3
2637,,0.0
2638,23.0,0.1
2639,10.0,0.6
2640,85.0,1.1
2641,20.0,0.0
2642,,
2643,,0.0
2644,41.0,0.0
2645,20.0,1.8
2646,31.0,1.2
2647,10.0,0.0
2648,,0.3
2649,,0.1
2650,,0.3
2651,41.0,0.0
2652,10.0,0.4
2653,,0.0
2654,,0.6
2655,,2.0
2656,,0.8
2657,10.0,1.9
2658,10.0,0.0
2659,,0.0
2660,31.0,0.0
2661,6.0,0.0
2662,20.0,0.0
2663,,0.0
2664,10.0,0.0
2665,15.0,0.5
2666,15.0,0.6
2667,13.0,0.2
2668,20.0,1.0
2669,18.0,0.0
2670,,0.0
2671,,0.0
2672,3.0,0.0
2673,103.0,
2674,40.0,0.2
2675,22.0,
2676,12.0,1.1
2677,10.0,0.0
2678,,0.0
2679,10.0,0.5
2680,15.0,0.6
2681,79.0,0.5
2682,10.0,0.0
2683,,0.0
2684,10.0,0.0
2685,52.0,0.6
2686,20.0,1.9
2687,41.0,0.8
2688,,2.0
2689,10.0,1.0
2690,10.0,0.0
2691,10.0,0.0
2692,,0.6
2693,,1.1
2694,,0.8
2695,10.0,0.4
2696,20.0,0.3
2697,,0.1
2698,41.0,0.3
2699,30.0,0.0
2700,41.0,1.2
2701,75.0,1.1
2702,,0.1
2703,,1.0
2704,144.0,
2705,52.0,0.0
2706,97.0,1.1
2707,,0.0
2708,41.0,0.0
2709,,0.3
2710,,0.2
2711,20.0,0.4
2712,,0.5
2713,86.0,1.2
2714,75.0,0.2
2715,20.0,0.5
2716,2.0,0.1
2717,29.0,1.1
2718,72.0,
2719,46.0,0.2
2720,246.0,
2721,11.0,0.0
2722,31.0,0.5
2723,1500.0,1.0
2724,6.0,0.0
2725,1.0,0.0
2726,,0.0
2727,,0.0
2728,,0.0
2729,10.0,0.6
2730,,0.5
2731,,1.9
2732,,0.8
2733,,0.6
2734,20.0,0.0
2735,63.0,0.0
2736,,1.0
2737,52.0,1.0
2738,,0.0
2739,,0.2
2740,20.0,0.5
2741,84.0,1.2
2742,134.0,0.2
2743,10.0,0.4
2744,16.0,0.6
2745,5.0,0.0
2746,,0.3
2747,,0.0
2748,10.0,0.5
2749,52.0,1.1
2750,30.0,0.0
2751,20.0,
2752,,0.1
2753,,0.0
2754,41.0,1.1
2755,110.0,1.2
2756,,0.3
2757,,0.1
2758,10.0,0.3
2759,,1.1
2760,10.0,0.4
2761,,0.8
2762,,0.0
2763,,0.2
2764,,2.0
2765,10.0,0.0
2766,132.0,0.5
2767,27.0,0.0
2768,36.0,0.0
2769,41.0,0.0
2770,13.0,0.0
2771,8.0,0.0
2772,244.0,
2773,36.0,0.2
2774,92.0,
2775,1467.0,1.1
2776,11.0,0.1
2777,20.0,0.0
2778,1670.0,1.0
2779,,0.0
2780,74.0,0.2
2781,,0.5
2782,,1.0
2783,74.0,0.4
2784,,0.2
2785,84.0,0.3
2786,31.0,0.0
2787,10.0,0.5
2788,108.0,1.1
2789,10.0,0.0
2790,108.0,
2791,10.0,0.1
2792,,0.6
2793,30.0,0.0
2794,121.0,1.1
2795,816.0,1.2
2796,43.0,0.6
2797,41.0,0.3
2798,,0.1
2799,10.0,0.3
2800,41.0,1.1
2801,20.0,0.4
2802,10.0,0.8
2803,63.0,2.0
2804,31.0,0.8
2805,86.0,2.0
2806,52.0,0.6
2807,10.0,0.0
2808,10.0,0.0
2809,231.0,0.5
2810,,0.0
2811,10.0,0.0
2812,231.0,0.0
2813,2098.0,0.5
2814,52.0,0.4
2815,10.0,1.1
2816,20.0,0.3
2817,10.0,0.1
2818,10.0,0.3
2819,,0.0
2820,63.0,1.2
2821,52.0,1.1
2822,51.0,1.0
2823,262.0,0.0
2824,,0.1
2825,201.0,
2826,31.0,0.0
2827,794.0,1.1
2828,108.0,0.5
2829,52.0,0.3
2830,521.0,0.2
2831,20.0,1.9
2832,2987.0,0.4
2833,75.0,1.2
2834,109.0,0.5
2835,74.0,0.2
2836,723.0,0.0
2837,10.0,0.0
2838,10.0,0.6
2839,31.0,2.0
2840,31.0,0.8
2841,,0.8
2842,20.0,0.6
2843,,0.0
2844,35.0,1.1
2845,,0.0
2846,147.0,0.5
2847,15.0,0.6
2848,,1.0
2849,,0.0
2850,2.0,0.0
2851,105.0,1.0
2852,9.0,0.0
2853,5.0,0.0
2854,236.0,
2855,72.0,
2856,2.0,0.1
2857,,0.0
2858,41.0,0.0
2859,120.0,1.1
2860,,0.0
2861,200.0,
2862,20.0,0.0
2863,15.0,0.6
2864,20.0,1.0
2865,88.0,0.0
2866,79.0,0.4
2867,10.0,0.4
2868,,0.2
2869,,0.3
2870,62.0,2.3
2871,10.0,0.0
2872,272.0,0.5
2873,20.0,0.0
2874,135.0,0.0
2875,62.0,
2876,121.0,0.1
2877,1500.0,
2878,218.0,1.1
2879,110.0,1.2
2880,20.0,0.0
2881,,0.3
2882,86.0,0.3
2883,136.0,0.0
2884,,1.1
2885,18.0,0.0
2886,,0.8
2887,,0.6
2888,52.0,2.0
2889,1200.0,1.0
2890,139.0,0.7
2891,22.0,0.0
2892,1500.0,0.0
2893,99.0,0.0
2894,40.0,0.0
2895,46.0,0.0
2896,18.0,2.3
2897,72.0,
2898,41.0,0.8
2899,84.0,1.9
2900,30.0,0.6
2901,,0.5
2902,395.0,1.2
2903,,0.5
2904,41.0,0.2
2905,10.0,0.0
2906,31.0,1.0
2907,41.0,0.0
2908,201.0,0.0
2909,12.0,0.0
2910,,0.4
2911,8.0,0.0
2912,21.0,0.0
2913,83.0,0.0
2914,147.0,2.2
2915,305.0,1.9
2916,269.0,0.4
2917,824.0,0.7
2918,,0.1
2919,773.0,0.4
2920,,0.0
2921,20.0,0.5
2922,121.0,0.0
2923,1433.0,0.5
2924,340.0,0.7
2925,263.0,1.1
2926,10.0,0.0
2927,,0.2
2928,10.0,0.5
2929,20.0,0.5
2930,10.0,0.4
2931,,0.2
2932,10.0,0.3
2933,,0.0
2934,,0.5
2935,52.0,1.1
2936,41.0,0.0
2937,565.0,
2938,20.0,0.0
2939,,0.0
2940,448.0,1.1
2941,487.0,1.2
2942,10.0,0.0
2943,63.0,0.3
2944,,0.1
2945,,0.3
2946,10.0,1.1
2947,10.0,0.4
2948,,0.8
2949,20.0,0.6
2950,399.0,2.0
2951,85.0,0.8
2952,512.0,2.0
2953,20.0,0.6
2954,10.0,0.0
2955,30.0,0.1
2956,173.0,1.0
2957,,0.0
2958,,0.5
2959,10.0,0.6
2960,160.0,0.2
2961,10.0,1.0
2962,4.0,0.0
2963,19.0,0.0
2964,11.0,0.0
2965,16.0,0.0
2966,3.0,0.0
2967,356.0,
2968,310.0,
2969,25.0,0.1
2970,,0.0
2971,,0.0
2972,41.0,1.2
2973,26.0,0.5
2974,,0.3
2975,20.0,0.0
2976,86.0,0.5
2977,51.0,1.1
2978,41.0,0.0
2979,20.0,
2980,,0.1
2981,10.0,0.0
2982,74.0,1.1
2983,161.0,1.2
2984,,0.0
2985,,0.3
2986,,0.4
2987,20.0,0.3
2988,,1.1
2989,31.0,0.4
2990,20.0,0.8
2991,10.0,0.6
2992,,2.0
2993,,1.8
2994,10.0,0.4
2995,,0.8
2996,20.0,1.9
2997,10.0,0.6
2998,,0.0
2999,10.0,0.0
3000,,0.0
3001,,0.2
3002,,0.6
3003,10.0,0.5
3004,10.0,1.0
3005,2.0,0.0
3006,6.0,0.0
3007,1032.0,1.0
3008,1.0,0.0
3009,3.0,0.0
3010,205.0,
3011,143.0,
3012,30.0,1.1
3013,,0.1
3014,,0.0
3015,,0.5
3016,,0.1
3017,10.0,0.2
3018,,0.0
3019,10.0,1.0
3020,10.0,0.0
3021,5.0,0.6
3022,10.0,0.0
3023,20.0,0.0
3024,10.0,1.0
3025,10.0,0.0
3026,62.0,0.2
3027,31.0,0.5
3028,109.0,1.2
3029,80.0,0.5
3030,,0.2
3031,,0.3
3032,,0.0
3033,30.0,0.5
3034,74.0,1.1
3035,97.0,0.0
3036,10.0,1.0
3037,31.0,0.1
3038,,0.0
3039,272.0,1.1
3040,331.0,1.2
3041,,0.0
3042,,0.3
3043,,0.1
3044,10.0,0.3
3045,,1.1
3046,10.0,0.4
3047,,0.8
3048,,0.6
3049,20.0,2.0
3050,41.0,0.8
3051,63.0,1.9
3052,20.0,0.6
3053,,0.0
3054,,0.6
3055,,0.0
3056,,0.0
3057,,0.5
3058,62.0,
3059,10.0,0.4
3060,,0.0
3061,2.0,0.1
3062,135.0,1.1
3063,112.0,
3064,30.0,0.2
3065,344.0,
3066,4.0,0.0
3067,8.0,0.0
3068,1.0,0.0
3069,4.0,0.0
3070,1.0,0.0
3071,,1.0
3072,109.0,0.2
3073,,0.6
3074,187.0,0.5
3075,,0.0
3076,,0.0
3077,10.0,0.0
3078,10.0,0.6
3079,,2.0
3080,,0.8
3081,52.0,2.0
3082,,0.6
3083,,0.8
3084,10.0,1.1
3085,,0.3
3086,,0.1
3087,63.0,0.3
3088,,0.0
3089,275.0,1.2
3090,181.0,1.1
3091,,0.0
3092,10.0,0.4
3093,109.0,
3094,10.0,0.0
3095,84.0,1.1
3096,10.0,0.5
3097,,0.0
3098,30.0,0.3
3099,,0.2
3100,10.0,0.4
3101,63.0,0.5
3102,,0.5
3103,41.0,0.2
3104,,0.0
3105,221.0,1.0
3106,,0.0
3107,,0.1
3108,20.0,0.2
3109,10.0,
3110,10.0,0.6
3111,20.0,0.0
3112,10.0,0.0
3113,,0.2
3114,10.0,0.6
3115,20.0,0.5
3116,10.0,0.0
3117,,0.0
3118,,0.0
3119,20.0,0.6
3120,121.0,1.9
3121,31.0,0.8
3122,20.0,2.0
3123,,0.2
3124,,0.8
3125,41.0,0.4
3126,,1.1
3127,,0.3
3128,,0.1
3129,,0.3
3130,10.0,0.0
3131,231.0,1.2
3132,144.0,1.1
3133,41.0,1.0
3134,51.0,1.0
3135,,0.3
3136,20.0,0.5
3137,228.0,1.2
3138,52.0,0.5
3139,10.0,0.0
3140,,0.1
3141,20.0,0.4
3142,31.0,0.0
3143,74.0,1.1
3144,20.0,0.5
3145,51.0,0.0
3146,,0.0
3147,34.0,0.0
3148,315.0,1.9
3149,352.0,
3150,717.0,0.8
3151,1.0,0.0
3152,107.0,0.2
3153,1.0,0.1
3154,1500.0,1.1
3155,10.0,0.0
3156,,0.0
3157,,0.0
3158,10.0,0.0
3159,30.0,0.2
3160,20.0,0.5
3161,226.0,1.2
3162,2333.0,0.5
3163,20.0,0.4
3164,,0.2
3165,,0.3
3166,,0.0
3167,20.0,0.5
3168,2682.0,1.1
3169,,0.0
3170,2282.0,
3171,21.0,0.0
3172,,0.0
3173,323.0,1.1
3174,,1.2
3175,10.0,0.0
3176,,0.3
3177,,0.1
3178,,0.3
3179,,0.0
3180,,1.1
3181,560.0,1.0
3182,933.0,0.4
3183,10.0,0.2
3184,10.0,0.8
3185,,0.6
3186,63.0,2.0
3187,,0.0
3188,193.0,0.8
3189,107.0,2.8
3190,,2.0
3191,,0.6
3192,10.0,0.0
3193,1892.0,2.4
3194,,0.0
3195,,0.0
3196,1110.0,1.0
3197,,0.5
3198,81.0,0.6
3199,500.0,0.2
3200,41.0,1.0
3201,5.0,0.0
3202,10.0,0.1
3203,141.0,
3204,4.0,0.0
3205,,0.8
3206,,0.6
3207,10.0,2.0
3208,52.0,0.7
3209,31.0,2.0
3210,10.0,0.6
3211,10.0,0.0
3212,,0.0
3213,,0.0
3214,140.0,1.0
3215,90.0,0.5
3216,,0.6
3217,52.0,0.2
3218,,1.0
3219,1.0,0.0
3220,,0.2
3221,1.0,0.0
3222,6.0,0.0
3223,5.0,0.0
3224,109.0,0.8
3225,376.0,
3226,10.0,0.0
3227,,0.0
3228,199.0,1.0
3229,10.0,0.0
3230,10.0,0.2
3231,,0.5
3232,121.0,1.2
3233,31.0,0.5
3234,,0.4
3235,,0.2
3236,20.0,1.9
3237,10.0,0.0
3238,,0.5
3239,41.0,1.1
3240,20.0,0.0
3241,98.0,
3242,10.0,1.1
3243,,0.0
3244,,0.1
3245,,0.0
3246,160.0,1.1
3247,399.0,1.2
3248,,0.0
3249,31.0,0.3
3250,,0.1
3251,,0.3
3252,,0.3
3253,,0.4
3254,,0.0
3255,223.0,0.0
3256,8.0,0.1
3257,1500.0,1.1
3258,760.0,
3259,227.0,0.2
3260,894.0,
3261,1500.0,0.8
3262,123.0,0.0
3263,24.0,0.0
3264,296.0,0.0
3265,5.0,0.0
3266,341.0,1.0
3267,268.0,0.2
3268,159.0,0.6
3269,,0.5
3270,,1.0
3271,,0.0
3272,10.0,0.3
3273,,2.4
3274,10.0,0.0
3275,,0.6
3276,977.0,2.0
3277,30.0,0.0
3278,,2.8
3279,880.0,0.8
3280,,0.0
3281,,2.0
3282,98.0,0.6
3283,20.0,0.8
3284,20.0,0.2
3285,10.0,0.4
3286,,1.9
3287,93.0,1.1
3288,48.0,0.0
3289,30.0,0.1
3290,,0.3
3291,10.0,0.0
3292,,1.2
3293,1063.0,1.1
3294,,0.0
3295,10.0,0.1
3296,613.0,
3297,10.0,0.0
3298,2300.0,1.1
3299,146.0,0.5
3300,,0.0
3301,74.0,0.0
3302,414.0,0.3
3303,,1.0
3304,30.0,0.0
3305,41.0,0.2
3306,10.0,0.5
3307,1095.0,1.2
3308,446.0,0.5
3309,63.0,0.4
3310,,0.2
3311,,0.1
3312,,0.0
3313,20.0,0.2
3314,,0.5
3315,86.0,1.2
3316,41.0,0.5
3317,10.0,0.4
3318,,0.2
3319,,0.3
3320,,0.0
3321,,0.5
3322,116.0,1.1
3323,,0.0
3324,1.0,0.0
3325,20.0,
3326,,0.1
3327,10.0,0.0
3328,97.0,1.1
3329,134.0,1.2
3330,,0.0
3331,,0.0
3332,,0.3
3333,10.0,0.1
3334,,0.3
3335,20.0,1.1
3336,,0.8
3337,,0.6
3338,10.0,2.0
3339,20.0,0.7
3340,,0.0
3341,274.0,
3342,10.0,0.6
3343,,0.0
3344,,0.0
3345,,0.0
3346,5.0,0.5
3347,,0.6
3348,107.0,
3349,47.0,0.2
3350,20.0,1.0
3351,2.0,0.0
3352,,0.0
3353,1.0,1.0
3354,10.0,2.0
3355,52.0,1.0
3356,63.0,1.1
3357,,0.0
3358,52.0,1.9
3359,20.0,0.4
3360,10.0,0.0
3361,63.0,0.0
3362,41.0,0.0
3363,364.0,1.0
3364,,0.0
3365,20.0,0.2
3366,98.0,0.5
3367,,1.2
3368,259.0,0.5
3369,,0.4
3370,,0.2
3371,241.0,0.3
3372,10.0,0.0
3373,,0.5
3374,96.0,1.1
3375,41.0,0.0
3376,2603.0,
3377,1046.0,0.1
3378,,0.0
3379,,1.1
3380,,1.2
3381,,0.0
3382,,0.3
3383,63.0,0.0
3384,274.0,
3385,30.0,0.0
3386,,0.0
3387,160.0,2.3
3388,,0.5
3389,20.0,0.0
3390,,1.0
3391,,1.0
3392,,0.0
3393,35.0,0.0
3394,238.0,1.0
3395,6.0,0.0
3396,882.0,0.9
